City,Lat,Lng,Max temp (F),Humidity,Cloudiness,Wind speed,Country,Date
Dhidhdhoo,6.88,73.1,81.68,77,100,3.03,MV,1607286034
Morón,-34.65,-58.62,76.99999999999994,23,0,5.1,AR,1607286034
San Patricio,28.02,-97.52,64.39999999999992,48,40,7.2,US,1607286034
Quatre Cocos,-20.21,57.76,78.00799999999998,83,75,3.6,MU,1607285786
Clyde River,70.47,-68.59,3.1999999999999886,91,90,5.1,CA,1607285786
Chui,-33.7,-53.46,65.96599999999995,57,18,4.56,UY,1607286034
Karlskoga,59.33,14.52,44.99599999999998,93,100,6.7,SE,1607286034
Severo-Kuril'sk,50.68,156.12,27.32000000000005,90,100,7.34,RU,1607285784
Samaná,19.21,-69.34,84.19999999999999,79,40,5.1,DO,1607286034
Tuktoyaktuk,69.45,-133.04,1.3999999999999773,77,75,7.7,CA,1607286035
Anadyr,64.75,177.48,24.799999999999955,73,75,3.0,RU,1607285801
Makakilo City,21.35,-158.09,78.80000000000001,65,1,1.56,US,1607286035
Esperance,-33.87,121.9,58.99999999999994,62,90,4.6,AU,1607285861
Bluff,-46.6,168.33,64.99399999999997,71,28,1.79,NZ,1607285791
Cape Town,-33.93,18.42,71.59999999999997,64,40,5.7,ZA,1607285674
Saint George,37.1,-113.58,48.19999999999999,18,1,1.18,US,1607286035
Port Macquarie,-31.43,152.92,73.00399999999996,80,100,1.81,AU,1607286036
Ushuaia,-54.8,-68.3,53.599999999999966,76,75,4.1,AR,1607285767
Faya,18.39,42.45,58.99999999999994,93,0,2.1,SA,1607286036
Atar,20.52,-13.05,66.50600000000003,36,63,5.06,MR,1607286036
Baoro,5.67,15.97,74.20999999999998,32,73,1.89,CF,1607286036
Ribeira Grande,38.52,-28.7,58.99999999999994,72,40,4.6,PT,1607286036
Thinadhoo,0.53,72.93,82.38199999999989,77,95,7.95,MV,1607286037
George Town,5.41,100.34,78.80000000000001,88,20,3.33,MY,1607286037
Port Hedland,-20.32,118.57,80.59999999999997,57,8,4.5,AU,1607286037
Hobart,-42.88,147.33,51.00799999999998,61,75,4.6,AU,1607286033
Bambous Virieux,-20.34,57.76,78.00799999999998,83,75,3.6,MU,1607286037
New Norfolk,-42.78,147.06,48.99199999999996,81,94,2.0,AU,1607285765
Albany,42.6,-73.97,33.99799999999999,53,0,0.89,US,1607286004
Kazachinskoye,57.7,93.28,8.023999999999944,93,100,3.87,RU,1607286037
Tuatapere,-46.13,167.68,59.738,61,1,3.51,NZ,1607286037
Grand Gaube,-20.01,57.66,78.00799999999998,77,41,2.68,MU,1607286038
Harper,4.38,-7.72,79.08800000000002,81,4,2.12,LR,1607286038
Sabang,5.89,95.32,80.31199999999995,80,100,4.93,ID,1607286038
Borba,-4.39,-59.59,82.14799999999997,86,100,0.8,BR,1607286038
Nanortalik,60.14,-45.24,30.686000000000035,96,76,3.23,GL,1607286038
Mataura,-46.19,168.86,64.99399999999997,71,8,1.79,NZ,1607285827
Saint Paul Harbor,57.79,-152.41,37.39999999999998,86,90,2.6,US,1607286038
Pitimbu,-7.47,-34.81,82.39999999999992,74,75,6.2,BR,1607285774
Hilo,19.73,-155.09,78.99799999999999,65,20,2.1,US,1607285771
Riyadh,24.69,46.72,60.80000000000001,48,0,3.6,SA,1607285942
Westport,41.14,-73.36,40.99999999999994,54,0,7.01,US,1607286039
Longyearbyen,78.22,15.64,22.999999999999943,79,90,14.9,SJ,1607286039
Chapais,49.78,-74.85,15.799999999999955,92,90,5.1,CA,1607286099
Pak Chong,14.71,101.42,69.99799999999999,96,92,1.94,TH,1607286099
Safi,32.3,-9.24,60.170000000000016,63,0,2.82,MA,1607286099
Hermanus,-34.42,19.23,66.99200000000002,83,99,4.02,ZA,1607286099
Mar del Plata,-38.0,-57.56,71.59999999999997,56,0,8.2,AR,1607286099
Kapaa,22.08,-159.32,76.99999999999994,73,1,2.1,US,1607286099
Nortelândia,-14.45,-56.8,90.392,49,100,1.33,BR,1607286100
Airai,-8.93,125.41,62.276000000000124,100,100,0.34,TL,1607286100
Young,-32.68,-57.63,75.99200000000002,35,0,1.34,UY,1607286100
Banjarmasin,-3.32,114.59,71.59999999999997,100,90,1.0,ID,1607286100
Busselton,-33.65,115.33,53.995999999999924,85,0,0.45,AU,1607285840
Pacific Grove,36.62,-121.92,60.00799999999998,66,1,3.1,US,1607286100
Bukavu,-2.51,28.86,61.141999999999996,86,13,0.23,CD,1607286100
Port Alfred,-33.59,26.89,68.98999999999995,87,100,10.56,ZA,1607285915
Torbay,47.67,-52.73,44.99599999999998,100,90,4.1,CA,1607286100
Chifeng,42.27,118.96,1.7239999999999327,85,0,4.36,CN,1607286100
Quelimane,-17.88,36.89,80.59999999999997,83,20,3.1,MZ,1607286101
Kumul,42.8,93.45,19.670000000000016,82,0,1.98,CN,1607286101
Bang Saphan,11.21,99.51,73.00399999999996,68,39,2.64,TH,1607286101
Bhuban,20.88,85.83,65.30000000000001,81,0,0.53,IN,1607286101
Concepción del Uruguay,-32.48,-58.24,75.99200000000002,35,0,1.34,AR,1607286032
Port Elizabeth,-33.92,25.57,67.99999999999994,88,100,8.2,ZA,1607285905
Barrow,71.29,-156.79,12.199999999999989,78,90,5.1,US,1607286101
Paracuru,-3.41,-39.03,80.99599999999992,74,100,8.94,BR,1607285815
Mount Isa,-20.73,139.5,82.39999999999992,24,40,3.6,AU,1607286101
Springbok,-29.66,17.89,49.622000000000014,94,0,1.84,ZA,1607286102
Klaksvík,62.23,-6.59,37.39999999999998,93,92,1.0,FO,1607286102
Karpathos,35.51,27.21,64.39999999999992,77,0,5.7,GR,1607286102
Vaini,-21.2,-175.2,78.80000000000001,88,40,4.1,TO,1607285830
Bredasdorp,-34.53,20.04,64.39999999999992,88,100,7.7,ZA,1607286102
Edéa,3.8,10.13,82.39999999999992,88,75,1.5,CM,1607286102
Punta Arenas,-53.15,-70.92,67.99999999999994,45,75,11.8,CL,1607285861
Leningradskiy,69.38,178.42,12.218000000000018,86,90,1.29,RU,1607286102
Butaritari,3.07,172.79,81.33800000000002,78,59,4.59,KI,1607285904
Andrews,32.32,-102.55,60.80000000000001,19,1,4.1,US,1607286103
Giohar,2.78,45.5,76.35200000000003,78,0,3.11,SO,1607286103
Stornoway,58.21,-6.39,33.799999999999955,100,73,1.0,GB,1607286103
Clovis,36.83,-119.7,62.00600000000003,29,75,1.5,US,1607285988
Hong Kong,22.29,114.16,64.99399999999997,75,5,2.44,HK,1607286094
Chaman,30.92,66.45,57.10999999999996,45,89,1.81,PK,1607286103
Kumluca,36.37,30.29,60.18799999999993,64,0,1.42,TR,1607286103
Puerto Ayora,-0.74,-90.35,82.39999999999992,54,75,5.1,EC,1607285895
Jamestown,42.1,-79.24,28.994000000000028,73,90,3.6,US,1607286103
Yellowknife,62.46,-114.35,21.19999999999999,92,75,4.6,CA,1607285970
Sumenep,-7.02,113.87,80.97800000000001,79,100,5.11,ID,1607286104
Guerrero Negro,27.98,-114.06,75.45200000000006,18,28,2.37,MX,1607286104
Souillac,-20.52,57.52,76.99999999999994,83,75,3.6,MU,1607286104
Hasaki,35.73,140.83,37.39999999999998,100,75,1.0,JP,1607285907
Okhotsk,59.38,143.3,-11.470000000000027,83,0,6.97,RU,1607286164
Upernavik,72.79,-56.15,22.17199999999997,97,100,2.42,GL,1607285868
Luanda,-8.84,13.23,78.80000000000001,78,20,3.6,AO,1607285786
Concordia,-31.39,-58.02,76.99999999999994,47,75,2.1,AR,1607285965
Gazli,40.13,63.45,20.605999999999995,80,91,5.79,UZ,1607286164
Provideniya,64.38,-173.3,19.399999999999977,73,0,6.0,RU,1607286165
Adré,13.47,22.2,75.45200000000006,19,1,4.82,TD,1607286165
Bülach,47.52,8.54,35.00600000000003,96,75,1.5,CH,1607286165
Laas,46.62,10.7,33.99799999999999,68,90,1.0,IT,1607286165
Ulaangom,49.98,92.07,-2.7759999999999536,83,50,2.37,MN,1607286165
Capácuaro,19.55,-102.05,69.80000000000001,64,75,4.1,MX,1607286165
Departamento de Maldonado,-34.67,-54.92,67.99999999999994,60,20,8.7,UY,1607286165
Tiksi,71.69,128.87,-12.010000000000048,90,100,1.6,RU,1607286165
Qaqortoq,60.72,-46.03,28.399999999999977,74,91,0.5,GL,1607286011
Mbekenyera,-10.0,38.98,72.10399999999998,86,0,2.62,TZ,1607286166
Härnösand,62.63,17.94,37.39999999999998,93,90,1.0,SE,1607286166
Poum,-20.23,164.02,78.49399999999997,78,0,4.61,NC,1607286166
Antofagasta,-23.65,-70.4,67.99999999999994,64,40,7.7,CL,1607286166
Nagato,34.38,131.2,46.39999999999998,87,20,1.0,JP,1607286166
Narsaq,60.92,-46.05,28.399999999999977,74,67,0.5,GL,1607286166
Castro,-24.79,-50.01,59.377999999999986,97,100,2.88,BR,1607286166
Yulara,-25.24,130.99,69.80000000000001,49,98,3.1,AU,1607285907
Saint-Philippe,-21.36,55.77,76.99999999999994,73,0,1.5,RE,1607285907
Ciudad Bolivar,8.12,-63.55,89.04199999999997,53,100,3.75,VE,1607286167
Inhambane,-23.86,35.38,74.03000000000003,82,55,4.44,MZ,1607286167
Carnarvon,-24.87,113.63,71.59999999999997,73,21,7.2,AU,1607286167
Thompson,55.74,-97.86,17.599999999999966,100,90,2.1,CA,1607286167
Melbu,68.5,14.83,35.599999999999966,64,75,3.6,NO,1607286167
Cidreira,-30.18,-50.21,65.46199999999993,89,100,6.32,BR,1607286167
Hithadhoo,-0.6,73.08,82.18399999999991,80,96,8.45,MV,1607286167
Shingū,33.73,135.98,47.76799999999997,67,0,2.38,JP,1607286167
Rikitea,-23.12,-134.97,76.42399999999992,77,0,6.35,PF,1607286167
Ballina,-28.87,153.57,73.39999999999992,88,90,4.1,AU,1607286168
Kahului,20.89,-156.47,82.39999999999992,58,20,3.6,US,1607286168
Santo Domingo,18.5,-69.99,87.80000000000001,62,40,4.1,DO,1607285990
Atuona,-9.8,-139.03,78.62000000000006,74,2,9.17,PF,1607286168
Nikolskoye,59.7,30.79,33.00799999999998,86,0,4.0,RU,1607286168
Dingle,11.0,122.67,75.37999999999994,91,100,2.14,PH,1607285913
Baghdad,33.34,44.4,55.39999999999992,54,0,3.1,IQ,1607285911
Saint-Augustin,51.23,-58.65,34.48399999999987,90,100,14.01,CA,1607286168
Mareeba,-17.0,145.43,73.39999999999992,83,84,1.5,AU,1607285895
Arraial do Cabo,-22.97,-42.03,78.80000000000001,88,90,6.2,BR,1607286086
Rāmhormoz,31.28,49.6,58.6760000000001,74,59,2.1,IR,1607286169
Ancud,-41.87,-73.82,69.80000000000001,56,0,4.1,CL,1607286169
Mackay,-21.15,149.2,78.80000000000001,78,90,4.6,AU,1607286229
Guanare,9.04,-69.74,82.39999999999992,76,78,1.59,VE,1607286229
Shenzhen,22.55,114.07,64.00399999999996,83,2,1.68,CN,1607286229
Cabo San Lucas,22.89,-109.91,80.00600000000003,49,5,5.7,MX,1607286176
East London,-33.02,27.91,69.74599999999992,91,100,8.55,ZA,1607286229
Elizabeth City,36.29,-76.25,53.00600000000003,53,1,3.1,US,1607286230
Chlum u Třeboně,48.96,14.93,44.00600000000003,93,95,2.68,CZ,1607286230
Antalaha,-14.9,50.28,73.67000000000002,88,23,2.22,MG,1607286230
Pisco,-13.7,-76.22,73.39999999999992,69,0,6.7,PE,1607285945
Kloulklubed,7.04,134.26,76.99999999999994,94,75,4.29,PW,1607286230
Plettenberg Bay,-34.05,23.37,67.55000000000001,82,95,7.43,ZA,1607286230
Turtas,58.94,69.13,12.578000000000031,95,98,4.3,RU,1607286230
Lompoc,34.64,-120.46,62.599999999999966,48,1,6.7,US,1607286230
Podgornoye,51.73,39.15,10.399999999999977,85,0,2.0,RU,1607286230
Alyangula,-13.85,136.42,82.39999999999992,83,75,1.0,AU,1607286230
Meulaboh,4.14,96.13,76.37000000000006,87,100,2.12,ID,1607286231
Emba,48.83,58.14,0.22999999999996135,91,0,2.5,KZ,1607286231
Waipawa,-41.41,175.52,62.599999999999966,93,100,11.8,NZ,1607286231
Kysyl-Syr,63.9,122.76,-1.92999999999995,91,100,2.56,RU,1607285933
Gberia Fotombu,9.88,-11.17,76.58600000000007,52,89,1.05,SL,1607286231
Constitución,-35.33,-72.42,64.99399999999997,57,9,4.8,CL,1607286231
Maceió,-9.67,-35.74,80.59999999999997,74,20,6.7,BR,1607286157
Maragogi,-9.01,-35.22,78.67399999999992,72,8,4.7,BR,1607286004
Zhezkazgan,47.8,67.71,-6.3940000000000055,90,0,3.78,KZ,1607286231
Bud,39.45,-86.18,35.00600000000003,71,90,1.5,US,1607286231
Atherton,53.52,-2.49,42.99799999999999,84,98,1.63,GB,1607286231
Lebu,-37.62,-73.65,59.18000000000001,75,1,5.98,CL,1607286232
Oxford,51.75,-1.26,35.599999999999966,100,90,0.5,GB,1607285957
Santa Lucía,27.91,-15.54,64.99399999999997,87,40,8.2,ES,1607286232
Kontagora,10.4,5.47,78.96199999999993,23,98,1.93,NG,1607286232
San Quintín,30.48,-115.95,69.58399999999989,25,50,4.61,MX,1607286232
Mahébourg,-20.41,57.7,76.99999999999994,83,75,3.6,MU,1607286232
Solnechnyy,50.72,136.63,8.186000000000035,85,0,1.36,RU,1607286232
Khāsh,28.22,61.22,54.51799999999997,46,0,3.63,IR,1607286232
Vyartsilya,62.18,30.69,33.9260000000001,92,100,4.21,RU,1607286233
Qaanaaq,77.48,-69.36,-1.6420000000000528,73,100,1.19,GL,1607286233
Lüderitz,-26.65,15.16,61.537999999999954,78,0,7.72,NA,1607286233
Cockburn Town,21.46,-71.14,80.59999999999997,65,20,2.6,TC,1607286233
Yangi Marg`ilon,40.43,71.72,33.799999999999955,64,20,1.0,UZ,1607286233
Zelenoborskiy,66.84,32.36,31.999999999999943,25,100,2.55,RU,1607286233
Luwuk,-0.95,122.79,79.73600000000005,75,99,0.5,ID,1607286233
Creel,27.75,-107.63,49.02800000000002,44,0,6.71,MX,1607286233
Denpasar,-8.65,115.22,80.59999999999997,83,20,1.0,ID,1607285719
Seymchan,62.88,152.43,-13.071999999999946,88,100,0.45,RU,1607286234
Awjilah,29.11,21.29,68.01799999999997,25,100,2.39,LY,1607286234
Killybegs,54.63,-8.45,35.599999999999966,84,0,1.5,IE,1607286234
Avera,33.19,-82.53,58.99999999999994,51,1,3.6,US,1607286234
Amahai,-3.33,128.92,82.99399999999997,90,91,0.89,ID,1607286234
Werda,-25.27,23.28,79.69999999999999,36,9,2.88,BW,1607286294
Soyo,-6.13,12.37,78.22399999999999,85,100,4.11,AO,1607286294
Kem',64.96,34.58,36.1760000000001,92,100,5.25,RU,1607286294
Horta,38.53,-28.63,58.99999999999994,72,40,4.6,PT,1607286083
Tasiilaq,65.61,-37.64,24.799999999999955,92,100,0.5,GL,1607286294
Husavik,66.04,-17.34,13.999999999999943,92,0,2.6,IS,1607286295
Nuuk,64.18,-51.72,31.999999999999943,97,98,6.2,GL,1607286295
Pevek,69.7,170.31,1.0579999999999359,93,98,0.2,RU,1607286295
Qui Nhon,13.77,109.23,71.74399999999997,86,100,6.31,VN,1607286295
Berbérati,4.26,15.79,74.786,37,7,0.84,CF,1607286295
Avarua,-21.21,-159.78,84.19999999999999,74,82,6.7,CK,1607286295
Takayama,36.13,137.25,48.99199999999996,72,0,4.02,JP,1607286295
Inírida,3.87,-67.92,76.55000000000001,87,100,1.18,CO,1607286295
Plouzané,48.38,-4.62,40.99999999999994,93,75,0.5,FR,1607286295
Saskylakh,71.92,114.08,-9.72399999999999,89,100,3.62,RU,1607286296
Åmot,59.57,7.99,37.00399999999996,94,100,1.34,NO,1607286296
Yar-Sale,66.83,70.83,26.401999999999987,95,96,9.41,RU,1607286296
Kavaratti,10.57,72.64,82.56199999999995,76,92,4.51,IN,1607286296
San Ignacio,17.16,-89.07,82.00399999999996,78,90,1.84,BZ,1607285998
Srednekolymsk,67.45,153.68,-21.298000000000002,86,96,1.14,RU,1607286296
Chokurdakh,70.63,147.92,-27.670000000000016,85,9,0.61,RU,1607286296
Colares,38.8,-9.45,57.99200000000002,87,20,2.1,PT,1607286296
Aklavik,68.22,-135.01,-20.200000000000045,68,20,1.0,CA,1607286297
Keti Bandar,24.14,67.45,73.25600000000003,79,0,2.02,PK,1607286297
West Wendover,40.74,-114.07,28.399999999999977,50,1,0.7,US,1607286297
Kindersley,51.47,-109.17,26.599999999999966,73,5,6.2,CA,1607286297
Tilichiki,60.47,166.1,25.807999999999936,100,100,2.48,RU,1607286297
Buala,-8.14,159.59,81.48199999999991,80,65,2.41,SB,1607286297
Dikson,73.51,80.55,0.049999999999954525,91,100,3.86,RU,1607286297
Faanui,-16.48,-151.75,80.45599999999996,72,97,3.51,PF,1607286297
Portoferraio,42.81,10.31,53.00600000000003,75,90,6.2,IT,1607286298
Shelburne,44.08,-80.2,30.991999999999962,80,98,4.95,CA,1607286298
Mossamedes,-15.2,12.15,67.31599999999997,77,90,3.84,AO,1607286298
Malbork,54.04,19.03,37.99400000000003,100,100,7.24,PL,1607286298
Harlingen,26.19,-97.7,64.39999999999992,45,1,10.3,US,1607286264
Moose Factory,51.26,-80.61,17.599999999999966,92,1,1.26,CA,1607286298
Ous,60.91,61.52,19.849999999999966,95,0,2.66,RU,1607286298
Hofn,64.25,-15.21,33.76400000000001,87,100,4.43,IS,1607286299
Vestmannaeyjar,63.44,-20.27,37.39999999999998,86,90,14.4,IS,1607286299
Kaitangata,-46.28,169.85,58.315999999999974,61,0,2.51,NZ,1607286299
Nome,64.5,-165.41,15.799999999999955,52,1,4.1,US,1607286299
Nemuro,43.32,145.57,37.45399999999995,77,100,2.71,JP,1607286299
Iracoubo,5.48,-53.2,81.87799999999999,75,62,4.68,GF,1607286299
Cabedelo,-6.98,-34.83,80.59999999999997,78,75,5.7,BR,1607286299
Ust-Kuyga,70.02,135.6,-25.779999999999973,82,17,2.61,RU,1607286359
Mayumba,-3.43,10.66,78.00799999999998,90,100,3.54,GA,1607286359
Eureka,40.8,-124.16,57.99200000000002,76,1,4.6,US,1607286227
Conceição do Araguaia,-8.26,-49.26,87.83600000000007,59,100,1.18,BR,1607286360
Sitka,57.05,-135.33,44.599999999999966,87,90,5.7,US,1607286360
Ouégoa,-20.35,164.43,79.142,75,1,5.98,NC,1607286360
Fayaoué,-20.65,166.53,78.58399999999989,82,0,9.69,NC,1607286360
Chara,56.91,118.26,-3.064000000000078,79,100,1.08,RU,1607286360
Arrondissement de Toul,48.67,5.92,40.99999999999994,89,100,2.6,FR,1607286360
Laguna,38.42,-121.42,60.00799999999998,47,1,2.6,US,1607286360
Geraldton,-28.77,114.6,57.19999999999999,87,0,5.1,AU,1607286360
Fairbanks,64.84,-147.72,1.3999999999999773,70,90,1.5,US,1607286360
Senno,59.53,33.92,30.973999999999933,83,0,4.3,RU,1607286361
Nova Aurora,-22.87,-52.57,80.38399999999984,71,46,3.33,BR,1607286361
Ugoofaaru,5.67,73.0,81.49999999999994,81,82,6.27,MV,1607286361
Tara,56.89,74.37,5.036000000000001,94,80,3.83,RU,1607286361
Bathsheba,13.22,-59.52,84.19999999999999,66,20,7.2,BB,1607286361
Vardø,70.37,31.11,26.599999999999966,79,0,8.2,NO,1607286361
Green River,41.53,-109.47,39.19999999999999,32,1,1.5,US,1607286361
Bilma,18.69,12.92,71.47399999999999,22,97,1.02,NE,1607286361
Tessalit,20.2,1.01,69.58399999999989,33,72,3.06,ML,1607286361
Cedar City,37.68,-113.06,53.599999999999966,16,1,1.5,US,1607286320
Dabou,5.33,-4.38,82.39999999999992,83,20,3.6,CI,1607286362
Cherskiy,68.75,161.3,-9.31000000000006,88,68,1.87,RU,1607286362
Martinsville,36.69,-79.87,53.599999999999966,40,1,2.6,US,1607286169
Nyimba,-14.56,30.81,72.89600000000002,84,88,2.51,ZM,1607286362
Haines Junction,60.75,-137.51,10.399999999999977,85,100,0.87,CA,1607286362
North Bend,43.41,-124.22,60.00799999999998,82,1,2.6,US,1607286174
Sibolga,1.74,98.78,77.27000000000004,79,100,1.13,ID,1607286362
Kadoma,34.73,135.58,42.00799999999998,93,0,1.0,JP,1607286362
Khatanga,71.97,102.5,-4.810000000000059,91,100,3.37,RU,1607286363
Båtsfjord,70.63,29.72,30.19999999999999,79,0,5.1,NO,1607286363
Belaya Gora,68.53,146.42,-30.72999999999996,85,96,0.63,RU,1607286363
Bandarbeyla,9.49,50.81,75.63199999999989,77,0,5.19,SO,1607286363
Vila Velha,-20.33,-40.29,82.39999999999992,74,20,7.2,BR,1607286363
Waingapu,-9.66,120.26,78.9260000000001,80,99,1.94,ID,1607286363
Ayan,56.45,138.17,4.081999999999937,84,0,5.13,RU,1607286363
Anloga,5.79,0.9,82.39999999999992,83,20,4.6,GH,1607286363
Bethel,41.37,-73.41,39.99199999999996,44,1,3.6,US,1607286234
Xining,36.62,101.77,17.437999999999988,86,100,0.77,CN,1607286364
Healdsburg,38.61,-122.87,64.99399999999997,62,1,1.5,US,1607286364
Iqaluit,63.75,-68.51,13.999999999999943,78,90,9.3,CA,1607286364
Schöneiche,52.47,13.68,49.99999999999994,76,0,4.6,DE,1607286364
Salalah,17.02,54.09,73.39999999999992,69,20,2.1,OM,1607286364
Lata,40.16,-8.33,51.00799999999998,100,40,1.5,PT,1607286364
Hualmay,-11.1,-77.61,71.25799999999998,70,98,4.25,PE,1607286365
Puerto Carreño,6.19,-67.49,81.608,77,97,4.33,CO,1607286365
Ponta do Sol,32.67,-17.1,60.80000000000001,77,40,4.1,PT,1607286425
Gusinoye Ozero,51.11,106.26,3.595999999999947,85,11,1.99,RU,1607286425
Taloqan,36.74,69.53,42.061999999999955,66,100,0.52,AF,1607286425
Coyhaique,-45.58,-72.07,78.80000000000001,29,40,4.6,CL,1607286204
Portalegre,39.29,-7.43,51.799999999999955,81,75,4.1,PT,1607286425
Sakakah,29.97,40.21,49.99999999999994,76,0,1.5,SA,1607286425
Caravelas,-17.71,-39.25,79.62799999999999,70,74,4.79,BR,1607286425
Henties Bay,-22.12,14.28,62.00600000000003,86,0,2.33,NA,1607286425
Huarmey,-10.07,-78.15,71.51000000000005,71,97,4.2,PE,1607286426
Lagoa,39.05,-27.98,60.512,73,0,5.6,PT,1607286426
Panzhihua,26.59,101.71,48.488,70,0,0.54,CN,1607286426
Shaowu,27.34,117.48,48.63199999999995,88,2,1.4,CN,1607286426
Banff,51.18,-115.57,40.99999999999994,81,7,3.6,CA,1607286426
Porangatu,-13.44,-49.15,79.97000000000008,72,97,1.04,BR,1607286426
Norman Wells,65.28,-126.83,-4.000000000000057,91,75,1.0,CA,1607286426
Beringovskiy,63.05,179.32,18.860000000000014,94,88,1.78,RU,1607286426
Esmeraldas,-19.76,-44.31,75.19999999999999,53,75,3.1,BR,1607286427
Isangel,-19.55,169.27,79.66400000000004,80,100,4.74,VU,1607286427
Caldas Novas,-17.74,-48.62,85.09999999999997,55,72,0.33,BR,1607286427
Zakamensk,50.37,103.29,-8.338000000000022,83,0,1.23,RU,1607286427
‘Āhuimanu,21.44,-157.84,82.39999999999992,69,20,3.1,US,1607286427
San Isidro,-12.12,-77.05,69.00799999999998,77,90,5.1,PE,1607286360
Uchiza,-8.46,-76.46,84.18199999999996,66,39,0.32,PE,1607286427
Naze,28.37,129.48,67.99999999999994,88,20,2.1,JP,1607286128
Béjar,40.39,-5.76,40.99999999999994,86,90,6.2,ES,1607286428
Oktyabr'skoye,43.06,44.74,28.399999999999977,100,97,6.0,RU,1607286428
Conde,-7.26,-34.91,82.39999999999992,74,75,6.2,BR,1607286141
Iralaya,15.0,-83.23,81.93199999999996,73,20,4.14,HN,1607286428
Aberdeen,57.14,-2.1,37.99400000000003,100,75,2.1,GB,1607286148
Jaca,42.57,-0.55,33.99799999999999,95,100,2.42,ES,1607286428
Banda Aceh,5.56,95.32,77.48600000000005,82,100,2.75,ID,1607286428
San Andrés,12.58,-81.7,84.19999999999999,74,20,5.1,CO,1607286428
Baruun-Urt,46.68,113.28,-3.9279999999999973,84,0,5.14,MN,1607286429
Codrington,-38.27,141.97,48.54199999999997,87,99,5.91,AU,1607286429
Aksarka,66.56,67.8,24.67399999999992,95,65,8.24,RU,1607286429
Adrar,20.5,-10.07,62.88799999999998,37,100,4.13,MR,1607286429
Cárdenas,23.04,-81.2,82.39999999999992,74,40,2.1,CU,1607286429
Labuhan,-6.88,112.21,79.46599999999995,85,95,4.85,ID,1607286429
Batagay-Alyta,67.8,130.41,-33.86200000000002,79,0,0.67,RU,1607286429
Luba,3.46,8.55,80.59999999999997,83,20,3.1,GQ,1607286429
Boulder,40.08,-105.35,60.80000000000001,16,1,1.5,US,1607286429
Kristinehamn,59.31,14.11,46.39999999999998,87,100,5.1,SE,1607286430
Mankera,31.39,71.44,66.82999999999998,31,94,3.69,PK,1607286430
Abu Kamal,34.45,40.92,54.64400000000006,52,0,3.4,SY,1607286430
Mahajanga,-15.72,46.32,82.39999999999992,83,20,3.1,MG,1607286430
Ambon City,-3.7,128.18,82.99399999999997,90,92,0.45,ID,1607286490
Vostok,46.49,135.88,6.133999999999901,97,99,1.76,RU,1607286490
Vao,-22.67,167.48,76.406,83,42,8.39,NC,1607286490
Surovatikha,55.77,43.9,12.199999999999989,72,0,3.0,RU,1607286490
Egvekinot,66.32,-179.17,7.8799999999999955,87,4,1.94,RU,1607286490
Dunedin,-45.87,170.5,60.31400000000002,60,13,1.03,NZ,1607286491
Ilo,-17.64,-71.34,69.512,69,85,2.88,PE,1607286491
Acapulco de Juárez,16.86,-99.89,87.80000000000001,62,5,4.1,MX,1607286491
Talnakh,69.49,88.4,12.199999999999989,92,90,11.0,RU,1607286491
Aktau,43.65,51.2,12.199999999999989,78,0,8.0,KZ,1607286491
Broome,42.25,-75.83,30.00200000000001,73,90,5.1,US,1607286491
Ganzhou,28.82,115.43,46.093999999999994,74,39,2.26,CN,1607286491
Taltal,-25.4,-70.48,67.262,57,22,3.3,CL,1607286491
San Luis,-33.3,-66.34,82.92199999999997,24,0,3.08,AR,1607286222
Aswān,24.09,32.91,64.05799999999994,28,0,2.33,EG,1607286492
Ahipara,-35.17,173.17,66.416,76,100,4.62,NZ,1607286492
Port Lincoln,-34.73,135.87,57.54199999999997,67,73,8.7,AU,1607286492
Trelew,-43.25,-65.31,89.23999999999995,17,100,7.53,AR,1607286242
Tandil,-37.32,-59.13,78.99799999999999,23,0,2.24,AR,1607286492
Baní,18.28,-70.33,85.99999999999994,66,20,5.1,DO,1607286492
Majene,-3.54,118.97,78.85399999999998,80,72,1.44,ID,1607286492
Wagar,16.15,36.2,71.88799999999998,59,0,4.79,SD,1607286492
Kandé,9.96,1.04,84.54199999999997,24,23,0.84,TG,1607286493
Jaumave,23.42,-99.38,62.00600000000003,38,90,5.1,MX,1607286493
Dondo,-19.61,34.74,78.80000000000001,78,75,5.1,MZ,1607286493
Campbell River,50.02,-125.24,48.19999999999999,87,90,2.1,CA,1607286493
Ola,59.58,151.28,13.676000000000101,94,100,3.11,RU,1607286493
Margate,51.38,1.39,44.00600000000003,71,37,0.45,GB,1607286493
Dāmghān,36.17,54.35,39.56,82,100,0.97,IR,1607286493
Biak,-0.91,122.88,79.142,79,100,0.33,ID,1607286493
Kupang,-10.17,123.58,78.70999999999998,84,100,1.36,ID,1607286493
Katsuura,35.13,140.3,46.39999999999998,75,20,3.6,JP,1607286494
São Filipe,14.9,-24.5,75.36199999999991,75,15,4.59,CV,1607286494
Forbes,-33.38,148.02,64.00399999999996,56,0,2.59,AU,1607286494
Maningrida,-12.07,134.27,81.78799999999995,77,100,1.61,AU,1607286494
Uzunovo,54.54,38.62,19.039999999999907,93,0,3.1,RU,1607286494
Usinsk,65.99,57.53,31.765999999999963,98,100,8.74,RU,1607286494
Kiryat Gat,31.61,34.76,60.00799999999998,100,0,3.22,IL,1607286494
Alice Springs,-23.7,133.88,69.80000000000001,56,40,2.6,AU,1607286406
Bitung,1.45,125.18,76.99999999999994,94,40,1.62,ID,1607286494
Samarai,-10.62,150.67,81.98600000000005,81,100,6.13,PG,1607286494
Tornio,65.85,24.15,35.599999999999966,100,90,5.1,FI,1607286495
Gizo Government Station,-8.1,156.84,83.31800000000004,74,59,3.12,SB,1607286495
Oranjemund,-28.55,16.43,63.31999999999999,83,72,3.84,NA,1607286495
Falun,60.6,15.63,42.00799999999998,100,90,2.1,SE,1607286495
Kruisfontein,-34.0,24.73,66.00200000000001,94,100,3.13,ZA,1607286495
Vypolzovo,57.88,33.7,27.049999999999955,84,0,4.28,RU,1607286555
Garden City,42.33,-83.33,33.99799999999999,74,90,2.11,US,1607286555
Nieves,15.33,120.95,78.80000000000001,88,75,1.0,PH,1607286555
Mpanda,-6.37,31.04,67.18999999999988,86,7,0.66,TZ,1607286555
Nakhon Thai,17.1,100.84,62.276000000000124,75,100,1.34,TH,1607286556
Huizhou,23.08,114.4,62.00600000000003,77,0,1.62,CN,1607286361
Gogrial,8.53,28.1,79.358,24,0,1.4,SS,1607286556
Bengkulu,-3.8,102.27,75.2899999999999,88,100,2.28,ID,1607286556
Adolfo López Mateos,28.47,-107.3,53.00600000000003,30,0,2.68,MX,1607286556
Pavlysh,48.92,33.36,21.236000000000047,90,0,6.55,UA,1607286556
Marawi,8.0,124.29,75.00200000000001,95,100,1.34,PH,1607286556
San Juan,-31.54,-68.54,89.78000000000003,16,0,3.36,AR,1607286556
Roald,62.58,6.13,39.19999999999999,93,40,3.1,NO,1607286556
Berezovyy,51.67,135.7,4.045999999999992,85,0,2.61,RU,1607286557
Shestakovo,56.49,103.96,8.006000000000029,92,100,4.38,RU,1607286557
Evensk,61.95,159.23,7.807999999999936,84,100,2.33,RU,1607286557
Benton Harbor,42.12,-86.45,37.00399999999996,59,90,1.5,US,1607286268
Villarrica,-25.75,-56.43,82.31,52,0,3.82,PY,1607286557
Taoudenni,22.68,-3.98,64.238,31,0,4.0,ML,1607286557
Marsá Maţrūḩ,31.35,27.25,57.19999999999999,58,0,7.2,EG,1607286557
Havre-St-Pierre,50.23,-63.6,30.19999999999999,92,90,10.8,CA,1607286557
Padang,-0.95,100.35,77.738,76,98,1.9,ID,1607286557
Brandon,27.94,-82.29,73.99399999999997,35,1,0.17,US,1607286536
Lavrentiya,65.58,-171.0,15.026000000000067,91,0,4.75,RU,1607286558
Nishihara,26.18,127.76,71.59999999999997,88,40,1.5,JP,1607286558
Santa Rosalía,27.32,-112.28,70.286,31,0,6.29,MX,1607286558
Khuldābād,20.05,75.18,62.22200000000004,42,0,2.59,IN,1607286316
Macon,39.87,-88.97,39.99199999999996,69,90,4.6,US,1607286558
Dumas,35.87,-101.97,58.99999999999994,21,1,4.1,US,1607286558
Tamale,9.4,-0.84,89.00600000000003,28,18,1.41,GH,1607286558
Kolondiéba,11.09,-6.89,79.64600000000002,23,80,0.59,ML,1607286558
Seda,57.65,25.75,33.99799999999999,66,74,2.24,LV,1607286559
Fare,-16.7,-151.02,81.464,72,100,5.09,PF,1607286559
Lethem,3.38,-59.8,92.30000000000001,45,79,4.06,GY,1607286559
Omboué,-1.57,9.26,77.62999999999994,88,100,3.5,GA,1607286559
Oddur,4.12,43.89,77.594,63,30,6.55,SO,1607286559
Champerico,14.3,-91.92,89.59999999999997,59,75,4.1,GT,1607286559
Hearst,49.68,-83.67,22.999999999999943,92,94,1.67,CA,1607286559
Keminmaa,65.86,24.82,35.599999999999966,100,90,5.1,FI,1607286559
Paamiut,61.99,-49.67,31.72999999999996,95,99,4.49,GL,1607286343
Nizwá,22.93,57.53,66.43399999999991,40,14,0.68,OM,1607286559
Zhashkiv,49.25,30.11,22.80200000000002,92,0,5.77,UA,1607286560
Diego de Almagro,-26.37,-70.05,83.26399999999995,15,0,6.55,CL,1607286560
Rio Grande,-32.03,-52.1,69.80000000000001,49,75,5.1,BR,1607286311
Mount Gambier,-37.83,140.77,49.99999999999994,81,40,7.7,AU,1607286461
Olafsvik,64.89,-23.71,33.29599999999999,85,100,4.52,IS,1607286560
Hay River,60.82,-115.8,19.399999999999977,85,48,3.6,CA,1607286560
Kintinku,-5.88,35.23,76.99999999999994,50,20,2.6,TZ,1607286560
Yeppoon,-23.13,150.73,78.80000000000001,74,40,2.1,AU,1607286620
Buchanan,5.88,-10.05,80.59999999999997,88,75,1.97,LR,1607286620
Cayenne,4.93,-52.33,85.99999999999994,66,20,4.1,GF,1607286621
Saldanha,-33.01,17.94,58.99999999999994,82,0,1.5,ZA,1607286621
Zabaykal'sk,49.63,117.32,3.0200000000000387,87,0,6.52,RU,1607286621
Dryden,49.78,-92.75,28.399999999999977,92,90,1.5,CA,1607286572
Dalby,-27.18,151.27,75.00200000000001,72,72,1.79,AU,1607286621
North Myrtle Beach,33.82,-78.68,55.99399999999997,58,1,2.6,US,1607286521
Yoichi,43.2,140.77,35.00600000000003,45,93,3.2,JP,1607286621
Itoman,26.12,127.67,71.59999999999997,88,75,3.6,JP,1607286621
Bubaque,11.28,-15.83,82.36399999999998,69,0,7.04,GW,1607286622
Lake City,30.19,-82.64,62.599999999999966,51,90,1.58,US,1607286622
Kavieng,-2.57,150.8,83.49799999999999,72,27,5.23,PG,1607286622
Lábrea,-7.26,-64.8,80.54599999999999,77,100,1.79,BR,1607286622
Yafran,32.06,12.53,44.3839999999999,54,0,4.58,LY,1607286617
Jalu,29.03,21.55,65.76799999999997,27,89,2.39,LY,1607286622
Kadapa,14.47,78.82,72.66199999999998,89,97,0.83,IN,1607286622
Katherine,-14.47,132.27,75.19999999999999,88,0,1.18,AU,1607286622
Altamira,-3.2,-52.21,82.39999999999992,78,40,1.93,BR,1607286571
Matamoros,25.53,-103.25,58.99999999999994,26,5,3.18,MX,1607286623
Vangaindrano,-23.35,47.6,71.83399999999989,92,100,1.53,MG,1607286623
Yinchuan,38.47,106.27,16.249999999999943,86,4,1.78,CN,1607286623
Oistins,13.07,-59.53,84.19999999999999,66,20,7.2,BB,1607286363
Teahupoo,-17.83,-149.27,75.19999999999999,88,75,4.1,PF,1607286624
Salinópolis,-0.61,-47.36,81.64400000000006,76,86,5.04,BR,1607286624
Pilar,-9.6,-35.96,80.59999999999997,74,20,6.7,BR,1607286624
Wajima,37.4,136.9,54.37399999999997,69,81,9.12,JP,1607286624
Camacha,33.08,-16.33,58.99999999999994,87,40,6.2,PT,1607286624
Honningsvåg,70.98,25.97,31.999999999999943,83,20,4.1,NO,1607286506
Khor,47.89,134.95,13.099999999999966,95,100,4.04,RU,1607286624
Touros,-5.2,-35.46,80.59999999999997,78,40,6.7,BR,1607286624
Hamilton,39.18,-84.53,40.99999999999994,65,90,2.1,US,1607286484
Pangnirtung,66.15,-65.71,13.999999999999943,78,40,4.1,CA,1607286625
Ust'-Koksa,50.27,85.61,2.57000000000005,78,5,0.32,RU,1607286625
Whitehorse,60.72,-135.05,19.399999999999977,85,75,8.7,CA,1607286625
Leh,34.17,77.58,16.898000000000025,80,97,0.61,IN,1607286625
Xuchang,34.02,113.82,40.99999999999994,73,71,2.0,CN,1607286625
Mahina,-17.51,-149.49,75.19999999999999,88,75,4.1,PF,1607286625
Saint-Joseph,-21.37,55.62,76.99999999999994,73,0,1.5,RE,1607286626
Forsytheganj,52.63,29.73,23.57600000000008,93,0,5.72,BY,1607286626
São João da Barra,-21.64,-41.05,80.59999999999997,74,20,7.2,BR,1607286626
Andenes,69.31,16.12,33.00799999999998,84,100,4.6,NO,1607286626
Kenmare,51.88,-9.58,39.19999999999999,93,0,2.6,IE,1607286626
Tura,25.52,90.22,59.53999999999991,81,0,0.73,IN,1607286686
Lagos,6.58,3.75,78.97999999999996,87,11,2.41,NG,1607286686
Damietta,31.42,31.81,62.599999999999966,77,0,2.1,EG,1607286686
Pechenga,69.53,31.17,19.399999999999977,92,0,1.0,RU,1607286687
Kununurra,-15.77,128.73,80.59999999999997,100,38,1.0,AU,1607286687
Miraflores,19.22,-98.81,71.99599999999992,30,75,4.1,MX,1607286687
Tortolì,39.93,9.66,49.99999999999994,66,75,3.6,IT,1607286687
Inuvik,68.35,-133.72,-2.2000000000000455,84,1,1.5,CA,1607286402
Ossora,59.24,163.07,17.348000000000013,81,100,2.28,RU,1607286688
Midland,32.0,-102.08,62.599999999999966,21,1,4.6,US,1607286573
Mayo,38.89,-76.51,44.99599999999998,52,1,5.1,US,1607286688
Lakhdenpokh'ya,61.52,30.2,35.00600000000003,87,100,4.81,RU,1607286689
Turukhansk,65.82,87.98,9.644000000000005,96,100,5.95,RU,1607286689
Waitati,-45.75,170.57,63.35600000000005,55,0,0.28,NZ,1607286463
Alofi,-19.06,-169.92,82.39999999999992,78,75,5.1,NU,1607286689
Thouars,46.98,-0.22,42.00799999999998,1,11,3.06,FR,1607286689
Meihekou,42.53,125.68,14.683999999999912,88,0,3.48,CN,1607286689
Cap Malheureux,-19.98,57.61,78.00799999999998,77,26,2.24,MU,1607286690
Abonnema,4.71,6.79,80.59999999999997,83,20,2.1,NG,1607286690
Mama,58.31,112.9,10.003999999999962,89,100,6.28,RU,1607286690
Katobu,-4.94,122.53,76.262,91,100,1.31,ID,1607286690
Indi,17.17,75.97,67.37000000000006,54,100,3.15,IN,1607286690
Tabas,33.6,56.92,46.39999999999998,87,66,1.0,IR,1607286690
Viedma,-40.81,-63.0,93.00200000000001,16,0,3.58,AR,1607286690
Burgeo,47.62,-57.62,46.093999999999994,93,100,4.28,CA,1607286690
Songea,-10.68,35.65,76.99999999999994,57,5,2.1,TZ,1607286433
San Angelo,31.46,-100.44,62.995999999999924,25,1,5.7,US,1607286572
Guilin,25.28,110.29,46.39999999999998,87,75,1.0,CN,1607286691
Muncar,-8.43,114.33,76.78399999999993,86,98,1.12,ID,1607286691
Eyemouth,55.87,-2.09,37.99400000000003,94,98,3.79,GB,1607286691
Yerofey Pavlovich,53.97,121.97,-2.938000000000045,88,0,1.36,RU,1607286691
Puerto Madryn,-42.77,-65.04,89.32999999999998,17,99,3.68,AR,1607286691
Imeni Zhelyabova,58.95,36.6,23.413999999999987,91,0,3.49,RU,1607286691
Berlevåg,70.86,29.09,30.19999999999999,80,20,6.7,NO,1607286691
Lincoln,40.8,-96.67,44.00600000000003,74,90,4.1,US,1607286420
Piaçabuçu,-10.41,-36.43,78.18799999999993,75,1,5.49,BR,1607286692
Lixouri,38.2,20.43,62.45599999999996,70,96,9.65,GR,1607286692
Suntar,62.14,117.63,1.47199999999998,91,100,3.21,RU,1607286692
Brae,60.4,-1.35,44.599999999999966,87,74,4.1,GB,1607286692
Kailua,21.4,-157.74,82.39999999999992,69,20,3.1,US,1607286692
Dakar,14.69,-17.44,76.99999999999994,69,0,6.2,SN,1607286692
Flic en Flac,-20.27,57.36,78.00799999999998,83,75,3.6,MU,1607286692
Pasni,25.26,63.47,75.416,76,0,2.31,PK,1607286752
Guatire,10.48,-66.54,87.80000000000001,70,40,1.0,VE,1607286753
Bowen,-20.02,148.23,71.59999999999997,94,7,2.6,AU,1607286753
Salym,60.06,71.48,15.70999999999998,96,100,4.52,RU,1607286753
Kabwe,-14.45,28.45,67.55000000000001,91,99,1.09,ZM,1607286753
La Ronge,55.1,-105.28,39.19999999999999,44,0,2.1,CA,1607286753
Voznesen'ye,61.01,35.48,32.57600000000008,85,86,5.48,RU,1607286753
Alta Floresta,-9.88,-56.09,93.19999999999999,56,20,2.1,BR,1607286753
Talavera,15.62,120.93,78.80000000000001,88,75,1.0,PH,1607286754
Xichang,27.9,102.26,51.00799999999998,52,77,0.41,CN,1607286754
Amapá,1.0,-52.0,85.08199999999994,57,41,1.71,BR,1607286754
Grindavik,63.84,-22.43,31.999999999999943,91,90,9.3,IS,1607286754
The Valley,18.22,-63.06,84.19999999999999,69,20,6.2,AI,1607286754
Hambantota,6.12,81.12,76.87399999999997,85,97,2.91,LK,1607286754
Zhigansk,66.77,123.37,-8.212000000000046,89,100,6.6,RU,1607286755
Lebanon,36.21,-86.29,57.19999999999999,50,1,4.1,US,1607286617
Hope,33.67,-93.59,60.99799999999999,42,78,2.24,US,1607286616
Gamba,-2.65,10.0,77.28799999999995,89,100,3.39,GA,1607286755
Madaoua,14.07,5.96,83.22800000000001,16,89,3.24,NE,1607286755
Bilokurakyne,49.53,38.73,18.499999999999943,88,0,6.04,UA,1607286755
Kutum,14.2,24.67,64.27399999999994,26,1,3.88,SD,1607286755
Sept-Îles,50.2,-66.38,28.994000000000028,86,100,8.2,CA,1607286755
Aksu,41.12,80.26,19.687999999999988,91,52,0.24,CN,1607286755
Wilmington Island,32.0,-80.97,66.19999999999999,39,1,2.6,US,1607286728
Balyqshy,47.07,51.87,3.1999999999999886,77,0,3.0,KZ,1607286756
Singapore,1.29,103.85,80.59999999999997,83,75,3.6,SG,1607286400
Tabuk,17.42,121.44,72.8239999999999,90,59,1.26,PH,1607286756
Afuá,-0.16,-50.39,81.98600000000005,72,97,3.47,BR,1607286756
Morgan City,29.7,-91.21,53.00600000000003,93,90,1.85,US,1607286562
Partyzany,46.33,34.75,31.694000000000017,91,1,10.75,UA,1607286756
Maitum,6.04,124.5,78.22399999999999,74,75,1.7,PH,1607286756
Rocha,-34.48,-54.33,64.54400000000004,57,36,4.66,UY,1607286757
Verkhovyna,48.16,24.79,33.853999999999985,91,94,1.79,UA,1607286757
Tiarei,-17.53,-149.33,75.19999999999999,88,75,4.1,PF,1607286757
Arlit,18.74,7.39,77.39600000000002,19,0,1.95,NE,1607286757
Villa Vicente Guerrero,19.12,-98.17,69.80000000000001,40,40,6.2,MX,1607286605
La Rioja,42.25,-2.5,44.00600000000003,87,75,2.1,ES,1607286758
Sorong,-0.88,131.25,81.68,76,100,2.81,ID,1607286758
Kang,-23.68,22.79,76.53199999999998,49,3,3.22,BW,1607286758
Batticaloa,7.71,81.69,77.43199999999996,88,71,2.9,LK,1607286758
Rancagua,-34.17,-70.74,87.80000000000001,33,0,5.64,CL,1607286703
Mabaruma,8.2,-59.78,77.19800000000004,95,67,2.11,GY,1607286758
Neiafu,-18.65,-173.98,80.59999999999997,83,75,4.6,TO,1607286818
Muros,42.78,-9.06,55.99399999999997,94,100,7.15,ES,1607286818
Vila Franca do Campo,37.72,-25.43,55.39999999999992,76,40,1.0,PT,1607286819
Tsabong,-26.02,22.4,82.094,29,21,5.37,BW,1607286819
Berwick,41.05,-76.23,37.00399999999996,52,18,3.76,US,1607286819
Shizunai-furukawachō,42.33,142.37,39.54199999999997,71,100,1.67,JP,1607286819
Kaduqli,11.02,29.72,75.12799999999999,18,2,4.53,SD,1607286819
Ignatovka,53.95,47.65,12.41599999999994,87,0,1.59,RU,1607286819
Sørland,67.67,12.69,31.999999999999943,93,90,2.1,NO,1607286819
Pampas,-12.4,-74.9,59.036,62,100,3.56,PE,1607286819
Puerto del Rosario,28.5,-13.86,62.599999999999966,67,40,5.1,ES,1607286820
Tokmak,47.25,35.71,23.52199999999999,78,0,8.26,UA,1607286820
